{"columns":[0,1],"index":[0,1,2,3,4,5,6,7,8,9,10,11,12,13,14,15,16,17,18,19,20,21,22,23,24,25,26,27,28,29,30,31,32,33,34,35,36,37,38,39,40,41,42,43,44,45,46,47,48,49,50,51,52,53,54,55,56,57,58,59,60,61,62,63,64,65,66,67,68,69,70,71,72,73,74,75,76,77,78,79,80,81,82,83,84,85,86,87,88,89,90,91,92,93,94,95,96,97,98,99,100,101,102,103,104,105,106,107,108,109,110,111,112,113,114,115,116,117,118,119,120,121,122,123,124,125,126,127,128,129,130,131,132,133,134,135,136,137,138,139,140,141,142,143,144,145,146,147,148,149],"data":[[8.0849532019,0.3284542184],[7.1471628963,-0.7554732599],[7.5113778895,-0.2380783203],[6.8376756059,-0.6428847596],[8.1578136706,0.5406393486],[7.723630867,1.4823234494],[7.2351466207,0.3771536964],[7.629744974,0.0166724583],[6.5827413173,-0.9873742422],[7.3688411632,-0.9136272939],[8.4218143421,0.6762296763],[7.2473972148,-0.0829241716],[7.3506210468,-1.0393596955],[7.5964689555,-0.7767155345],[9.8693658775,1.6148609319],[9.1803361358,2.7555862615],[8.59760709,1.8544221663],[7.7995681997,0.6090546787],[8.100009104,0.9961098096],[8.0454361052,1.162443316],[7.5204642693,-0.1562329988],[7.6052637825,1.2275726707],[8.7040824868,0.8995941642],[6.2637413871,0.4602393504],[6.5919150476,-0.3619982093],[6.7921016365,-0.938236643],[6.8404809138,0.4848486996],[7.9483859978,0.2387155145],[8.0120927331,0.1162690882],[6.8558957222,-0.517152358],[6.7830352535,-0.7293374882],[7.3866823764,0.5910172802],[9.1624949227,1.2509416875],[9.4961718517,1.8498958585],[7.3688411632,-0.9136272939],[7.9756525004,-0.1351957151],[8.6311546645,0.434622799],[7.3688411632,-0.9136272939],[6.9560226935,-0.6788784574],[7.7116718257,0.0199584337],[7.9361354037,0.6987933826],[5.6690533,-1.9032897605],[7.2655973344,-0.2479362463],[6.4244982298,1.2615207256],[6.88607488,1.0709450594],[6.7798510424,-0.478158775],[8.1123270517,0.7888181766],[7.210956982,-0.3343889749],[8.3398874904,0.6729437009],[7.6934517093,-0.105773968],[-1.4577224433,0.0418655417],[-1.7976804443,0.4887995083],[-2.4168097292,-0.0823404374],[-2.2648677104,-1.5760917439],[-2.5533969301,-0.4628236177],[-2.4195476835,-0.9572876617],[-2.4471930893,0.7955357403],[-0.2160281033,-1.5709651165],[-1.7459127535,-0.8052674573],[-1.9583899303,-0.3504401083],[-1.1902386448,-2.6156129217],[-1.8614071765,0.3205014582],[-1.1538657656,-2.6169343534],[-2.65942607,-0.634121553],[-0.3802407131,0.0921195816],[-1.2028081516,0.0956105478],[-2.7626698988,0.0315694945],[-0.7622769226,-1.6391754557],[-3.5094073521,-1.6724834977],[-1.0841021576,-1.6100397987],[-3.7189518767,1.0350969747],[-0.999369998,-0.4790203642],[-3.837094762,-1.3948829227],[-2.243443386,-1.410793579],[-1.2542842897,-0.5327653703],[-1.4395223238,-0.1231465331],[-2.4592194842,-0.9196155104],[-3.5247148132,0.1637927476],[-2.5897498124,-0.1707577096],[0.3119732397,-1.2997844612],[-1.102322274,-1.7357722004],[-0.598443216,-1.9233479814],[-0.8960588156,-0.8919251767],[-4.49567379,-0.8792475358],[-2.9265236022,0.0249975438],[-2.1011982125,1.1871982783],[-2.1436753211,0.0971369704],[-2.4834291197,-1.9219026581],[-1.3179236714,-0.157532709],[-1.9552930695,-1.1451495328],[-2.3890969699,-1.5823776044],[-2.2861446938,-0.3256257682],[-1.2693401917,-1.2004209615],[-0.288888572,-1.7831502467],[-2.0007796884,-0.8969707049],[-1.1691058732,-0.5278718732],[-1.6092781959,-0.4627425185],[-1.4181379931,-0.539337321],[0.4727100856,-0.7892475624],[-1.5455714606,-0.5851889448],[-7.856080834,2.1116190525],[-5.5156825001,-0.0440181058],[-6.304993917,0.4621163769],[-5.6035588772,-0.3423698744],[-6.8634459737,0.8160256643],[-7.4248180487,-0.172626501],[-4.6808644674,-0.50758694],[-6.3137487504,-0.9606828756],[-6.3319888636,-1.3771597536],[-6.8728712631,2.6945814679],[-4.4536429382,1.3369397095],[-5.4611095013,-0.2103516122],[-5.6767982491,0.8243571678],[-5.9740749391,-0.1046211527],[-6.7878201908,1.574455301],[-5.8287129081,1.9894057564],[-5.0664237976,-0.027302139],[-6.6084716915,1.7420040996],[-9.1882926504,-0.749098065],[-4.7657313342,-2.1441788445],[-6.2930548725,1.6337369162],[-5.3731457738,0.6315308678],[-7.5855748914,-0.9739078762],[-4.3836751278,-0.1221393309],[-5.7313512511,1.2814351506],[-5.2758314735,-0.0384814967],[-4.0923206034,0.1830704786],[-4.0831668699,0.517702035],[-6.5325743526,0.2872463761],[-4.5776479985,-0.8445752697],[-6.2350061098,-0.7062181871],[-5.2183658164,1.4664491675],[-6.8179593548,0.5678468364],[-3.8097209122,-0.9345189645],[-5.090234533,-2.1177569826],[-6.8211909227,0.856983791],[-6.5419322884,2.4185884147],[-4.9935633289,0.1848829912],[-3.9465996659,0.6074407389],[-5.2215900213,1.1361389279],[-6.6785868428,1.7853189995],[-5.1368778585,1.9764138861],[-5.5156825001,-0.0440181058],[-6.8119698357,1.4444015824],[-6.8728912599,2.4038369916],[-5.6740129381,1.6613461506],[-5.1971288267,-0.3655057609],[-4.9817116348,0.8129728192],[-5.9014860264,2.3207513376],[-4.6840086849,0.3250807259]]}